[{"country_id":"US","country_name":"United States","country_slug":"us","state_name":"California","state_slug":"california","city":"San Diego","city_slug":"san-diego","location_count":"57","court_count":"250"},{"country_id":"US","country_name":"United States","country_slug":"us","state_name":"California","state_slug":"california","city":"Sacramento","city_slug":"sacramento","location_count":"36","court_count":"119"},{"country_id":"US","country_name":"United States","country_slug":"us","state_name":"California","state_slug":"california","city":"Los Angeles","city_slug":"los-angeles","location_count":"34","court_count":"123"},{"country_id":"US","country_name":"United States","country_slug":"us","state_name":"California","state_slug":"california","city":"San Francisco","city_slug":"san-francisco","location_count":"25","court_count":"103"},{"country_id":"US","country_name":"United States","country_slug":"us","state_name":"California","state_slug":"california","city":"Palm Desert","city_slug":"palm-desert","location_count":"19","court_count":"197"},{"country_id":"US","country_name":"United States","country_slug":"us","state_name":"California","state_slug":"california","city":"San Jose","city_slug":"san-jose","location_count":"19","court_count":"80"},{"country_id":"US","country_name":"United States","country_slug":"us","state_name":"California","state_slug":"california","city":"Elk Grove","city_slug":"elk-grove","location_count":"13","court_count":"39"},{"country_id":"US","country_name":"United States","country_slug":"us","state_name":"California","state_slug":"california","city":"Roseville","city_slug":"roseville","location_count":"13","court_count":"79"},{"country_id":"US","country_name":"United States","country_slug":"us","state_name":"California","state_slug":"california","city":"Irvine","city_slug":"irvine","location_count":"11","court_count":"38"},{"country_id":"US","country_name":"United States","country_slug":"us","state_name":"California","state_slug":"california","city":"Long Beach","city_slug":"long-beach","location_count":"11","court_count":"57"},{"country_id":"US","country_name":"United States","country_slug":"us","state_name":"California","state_slug":"california","city":"Menifee","city_slug":"menifee","location_count":"11","court_count":"36"},{"country_id":"US","country_name":"United States","country_slug":"us","state_name":"California","state_slug":"california","city":"Chula Vista","city_slug":"chula-vista","location_count":"9","court_count":"28"},{"country_id":"US","country_name":"United States","country_slug":"us","state_name":"California","state_slug":"california","city":"Escondido","city_slug":"escondido","location_count":"9","court_count":"38"},{"country_id":"US","country_name":"United States","country_slug":"us","state_name":"California","state_slug":"california","city":"Riverside","city_slug":"riverside","location_count":"9","court_count":"31"},{"country_id":"US","country_name":"United States","country_slug":"us","state_name":"California","state_slug":"california","city":"Santa Clarita","city_slug":"santa-clarita","location_count":"9","court_count":"60"},{"country_id":"US","country_name":"United States","country_slug":"us","state_name":"California","state_slug":"california","city":"Thousand Oaks","city_slug":"thousand-oaks","location_count":"9","court_count":"43"},{"country_id":"US","country_name":"United States","country_slug":"us","state_name":"California","state_slug":"california","city":"Pasadena","city_slug":"pasadena","location_count":"8","court_count":"27"},{"country_id":"US","country_name":"United States","country_slug":"us","state_name":"California","state_slug":"california","city":"San Clemente","city_slug":"san-clemente","location_count":"8","court_count":"35"},{"country_id":"US","country_name":"United States","country_slug":"us","state_name":"California","state_slug":"california","city":"Santa Ana","city_slug":"santa-ana","location_count":"8","court_count":"33"},{"country_id":"US","country_name":"United States","country_slug":"us","state_name":"California","state_slug":"california","city":"Santa Rosa","city_slug":"santa-rosa","location_count":"8","court_count":"36"},{"country_id":"US","country_name":"United States","country_slug":"us","state_name":"California","state_slug":"california","city":"Anaheim","city_slug":"anaheim","location_count":"7","court_count":"26"},{"country_id":"US","country_name":"United States","country_slug":"us","state_name":"California","state_slug":"california","city":"Auburn","city_slug":"auburn","location_count":"7","court_count":"26"},{"country_id":"US","country_name":"United States","country_slug":"us","state_name":"California","state_slug":"california","city":"Desert Hot Springs","city_slug":"desert-hot-springs","location_count":"7","court_count":"34"},{"country_id":"US","country_name":"United States","country_slug":"us","state_name":"California","state_slug":"california","city":"Fremont","city_slug":"fremont","location_count":"7","court_count":"40"},{"country_id":"US","country_name":"United States","country_slug":"us","state_name":"California","state_slug":"california","city":"Fresno","city_slug":"fresno","location_count":"7","court_count":"46"},{"country_id":"US","country_name":"United States","country_slug":"us","state_name":"California","state_slug":"california","city":"Huntington Beach","city_slug":"huntington-beach","location_count":"7","court_count":"52"},{"country_id":"US","country_name":"United States","country_slug":"us","state_name":"California","state_slug":"california","city":"Lake Forest","city_slug":"lake-forest","location_count":"7","court_count":"38"},{"country_id":"US","country_name":"United States","country_slug":"us","state_name":"California","state_slug":"california","city":"Oakland","city_slug":"oakland","location_count":"7","court_count":"19"},{"country_id":"US","country_name":"United States","country_slug":"us","state_name":"California","state_slug":"california","city":"San Rafael","city_slug":"san-rafael","location_count":"7","court_count":"39"},{"country_id":"US","country_name":"United States","country_slug":"us","state_name":"California","state_slug":"california","city":"Temecula","city_slug":"temecula","location_count":"7","court_count":"42"},{"country_id":"US","country_name":"United States","country_slug":"us","state_name":"California","state_slug":"california","city":"Tustin","city_slug":"tustin","location_count":"7","court_count":"42"},{"country_id":"US","country_name":"United States","country_slug":"us","state_name":"California","state_slug":"california","city":"Yucaipa","city_slug":"yucaipa","location_count":"7","court_count":"29"},{"country_id":"US","country_name":"United States","country_slug":"us","state_name":"California","state_slug":"california","city":"Alameda","city_slug":"alameda","location_count":"6","court_count":"36"},{"country_id":"US","country_name":"United States","country_slug":"us","state_name":"California","state_slug":"california","city":"Bakersfield","city_slug":"bakersfield","location_count":"6","court_count":"38"},{"country_id":"US","country_name":"United States","country_slug":"us","state_name":"California","state_slug":"california","city":"Carlsbad","city_slug":"carlsbad","location_count":"6","court_count":"22"},{"country_id":"US","country_name":"United States","country_slug":"us","state_name":"California","state_slug":"california","city":"Dayton Avenue","city_slug":"dayton-avenue","location_count":"6","court_count":"20"},{"country_id":"US","country_name":"United States","country_slug":"us","state_name":"California","state_slug":"california","city":"Encinitas","city_slug":"encinitas","location_count":"6","court_count":"60"},{"country_id":"US","country_name":"United States","country_slug":"us","state_name":"California","state_slug":"california","city":"Folsom","city_slug":"folsom","location_count":"6","court_count":"54"},{"country_id":"US","country_name":"United States","country_slug":"us","state_name":"California","state_slug":"california","city":"Fontana","city_slug":"fontana","location_count":"6","court_count":"17"},{"country_id":"US","country_name":"United States","country_slug":"us","state_name":"California","state_slug":"california","city":"Indio","city_slug":"indio","location_count":"6","court_count":"35"},{"country_id":"US","country_name":"United States","country_slug":"us","state_name":"California","state_slug":"california","city":"La Quinta","city_slug":"la-quinta","location_count":"6","court_count":"56"},{"country_id":"US","country_name":"United States","country_slug":"us","state_name":"California","state_slug":"california","city":"Monterey","city_slug":"monterey","location_count":"6","court_count":"26"},{"country_id":"US","country_name":"United States","country_slug":"us","state_name":"California","state_slug":"california","city":"Rancho Mirage","city_slug":"rancho-mirage","location_count":"6","court_count":"66"},{"country_id":"US","country_name":"United States","country_slug":"us","state_name":"California","state_slug":"california","city":"Santa Monica","city_slug":"santa-monica","location_count":"6","court_count":"50"},{"country_id":"US","country_name":"United States","country_slug":"us","state_name":"California","state_slug":"california","city":"Torrance","city_slug":"torrance","location_count":"6","court_count":"33"},{"country_id":"US","country_name":"United States","country_slug":"us","state_name":"California","state_slug":"california","city":"United States","city_slug":"united-states","location_count":"6","court_count":"29"},{"country_id":"US","country_name":"United States","country_slug":"us","state_name":"California","state_slug":"california","city":"Yorba Linda","city_slug":"yorba-linda","location_count":"6","court_count":"21"},{"country_id":"US","country_name":"United States","country_slug":"us","state_name":"California","state_slug":"california","city":"Burlingame","city_slug":"burlingame","location_count":"5","court_count":"20"},{"country_id":"US","country_name":"United States","country_slug":"us","state_name":"California","state_slug":"california","city":"Camarillo","city_slug":"camarillo","location_count":"5","court_count":"14"},{"country_id":"US","country_name":"United States","country_slug":"us","state_name":"California","state_slug":"california","city":"Davis","city_slug":"davis","location_count":"5","court_count":"18"},{"country_id":"US","country_name":"United States","country_slug":"us","state_name":"California","state_slug":"california","city":"Goleta","city_slug":"goleta","location_count":"5","court_count":"16"},{"country_id":"US","country_name":"United States","country_slug":"us","state_name":"California","state_slug":"california","city":"Hemet","city_slug":"hemet","location_count":"5","court_count":"22"},{"country_id":"US","country_name":"United States","country_slug":"us","state_name":"California","state_slug":"california","city":"Laguna Niguel","city_slug":"laguna-niguel","location_count":"5","court_count":"30"},{"country_id":"US","country_name":"United States","country_slug":"us","state_name":"California","state_slug":"california","city":"Los Alamitos","city_slug":"los-alamitos","location_count":"5","court_count":"13"},{"country_id":"US","country_name":"United States","country_slug":"us","state_name":"California","state_slug":"california","city":"Milpitas","city_slug":"milpitas","location_count":"5","court_count":"16"},{"country_id":"US","country_name":"United States","country_slug":"us","state_name":"California","state_slug":"california","city":"Newport Beach","city_slug":"newport-beach","location_count":"5","court_count":"55"},{"country_id":"US","country_name":"United States","country_slug":"us","state_name":"California","state_slug":"california","city":"Redwood City","city_slug":"redwood-city","location_count":"5","court_count":"14"},{"country_id":"US","country_name":"United States","country_slug":"us","state_name":"California","state_slug":"california","city":"Rocklin","city_slug":"rocklin","location_count":"5","court_count":"12"},{"country_id":"US","country_name":"United States","country_slug":"us","state_name":"California","state_slug":"california","city":"Saratoga","city_slug":"saratoga","location_count":"5","court_count":"11"},{"country_id":"US","country_name":"United States","country_slug":"us","state_name":"California","state_slug":"california","city":"South San Francisco","city_slug":"south-san-francisco","location_count":"5","court_count":"18"},{"country_id":"US","country_name":"United States","country_slug":"us","state_name":"California","state_slug":"california","city":"Stockton","city_slug":"stockton","location_count":"5","court_count":"29"},{"country_id":"US","country_name":"United States","country_slug":"us","state_name":"California","state_slug":"california","city":"Apple Valley","city_slug":"apple-valley","location_count":"4","court_count":"12"},{"country_id":"US","country_name":"United States","country_slug":"us","state_name":"California","state_slug":"california","city":"Arcata","city_slug":"arcata","location_count":"4","court_count":"13"},{"country_id":"US","country_name":"United States","country_slug":"us","state_name":"California","state_slug":"california","city":"Banning","city_slug":"banning","location_count":"4","court_count":"20"},{"country_id":"US","country_name":"United States","country_slug":"us","state_name":"California","state_slug":"california","city":"Berkeley","city_slug":"berkeley","location_count":"4","court_count":"11"},{"country_id":"US","country_name":"United States","country_slug":"us","state_name":"California","state_slug":"california","city":"Borrego Springs","city_slug":"borrego-springs","location_count":"4","court_count":"20"},{"country_id":"US","country_name":"United States","country_slug":"us","state_name":"California","state_slug":"california","city":"Burbank","city_slug":"burbank","location_count":"4","court_count":"19"},{"country_id":"US","country_name":"United States","country_slug":"us","state_name":"California","state_slug":"california","city":"Carmichael","city_slug":"carmichael","location_count":"4","court_count":"14"},{"country_id":"US","country_name":"United States","country_slug":"us","state_name":"California","state_slug":"california","city":"Cerritos","city_slug":"cerritos","location_count":"4","court_count":"31"},{"country_id":"US","country_name":"United States","country_slug":"us","state_name":"California","state_slug":"california","city":"Corona","city_slug":"corona","location_count":"4","court_count":"20"},{"country_id":"US","country_name":"United States","country_slug":"us","state_name":"California","state_slug":"california","city":"Discovery Bay","city_slug":"discovery-bay","location_count":"4","court_count":"20"},{"country_id":"US","country_name":"United States","country_slug":"us","state_name":"California","state_slug":"california","city":"El Centro","city_slug":"el-centro","location_count":"4","court_count":"11"},{"country_id":"US","country_name":"United States","country_slug":"us","state_name":"California","state_slug":"california","city":"Glendale","city_slug":"glendale","location_count":"4","court_count":"23"},{"country_id":"US","country_name":"United States","country_slug":"us","state_name":"California","state_slug":"california","city":"Glendora","city_slug":"glendora","location_count":"4","court_count":"12"},{"country_id":"US","country_name":"United States","country_slug":"us","state_name":"California","state_slug":"california","city":"Grass Valley","city_slug":"grass-valley","location_count":"4","court_count":"22"},{"country_id":"US","country_name":"United States","country_slug":"us","state_name":"California","state_slug":"california","city":"Healdsburg","city_slug":"healdsburg","location_count":"4","court_count":"9"},{"country_id":"US","country_name":"United States","country_slug":"us","state_name":"California","state_slug":"california","city":"Los Banos","city_slug":"los-banos","location_count":"4","court_count":"19"},{"country_id":"US","country_name":"United States","country_slug":"us","state_name":"California","state_slug":"california","city":"Mammoth Lakes","city_slug":"mammoth-lakes","location_count":"4","court_count":"13"},{"country_id":"US","country_name":"United States","country_slug":"us","state_name":"California","state_slug":"california","city":"Napa","city_slug":"napa","location_count":"4","court_count":"15"},{"country_id":"US","country_name":"United States","country_slug":"us","state_name":"California","state_slug":"california","city":"Oceanside","city_slug":"oceanside","location_count":"4","court_count":"32"},{"country_id":"US","country_name":"United States","country_slug":"us","state_name":"California","state_slug":"california","city":"Richmond","city_slug":"richmond","location_count":"4","court_count":"22"},{"country_id":"US","country_name":"United States","country_slug":"us","state_name":"California","state_slug":"california","city":"San Marcos","city_slug":"san-marcos","location_count":"4","court_count":"19"},{"country_id":"US","country_name":"United States","country_slug":"us","state_name":"California","state_slug":"california","city":"San Ramon","city_slug":"san-ramon","location_count":"4","court_count":"17"},{"country_id":"US","country_name":"United States","country_slug":"us","state_name":"California","state_slug":"california","city":"Santa Barbara","city_slug":"santa-barbara","location_count":"4","court_count":"25"},{"country_id":"US","country_name":"United States","country_slug":"us","state_name":"California","state_slug":"california","city":"Tehachapi","city_slug":"tehachapi","location_count":"4","court_count":"14"},{"country_id":"US","country_name":"United States","country_slug":"us","state_name":"California","state_slug":"california","city":"Vacaville","city_slug":"vacaville","location_count":"4","court_count":"22"},{"country_id":"US","country_name":"United States","country_slug":"us","state_name":"California","state_slug":"california","city":"Victorville","city_slug":"victorville","location_count":"4","court_count":"10"},{"country_id":"US","country_name":"United States","country_slug":"us","state_name":"California","state_slug":"california","city":"Vista","city_slug":"vista","location_count":"4","court_count":"39"},{"country_id":"US","country_name":"United States","country_slug":"us","state_name":"California","state_slug":"california","city":"Walnut Creek","city_slug":"walnut-creek","location_count":"4","court_count":"25"},{"country_id":"US","country_name":"United States","country_slug":"us","state_name":"California","state_slug":"california","city":"Arcadia","city_slug":"arcadia","location_count":"3","court_count":"22"},{"country_id":"US","country_name":"United States","country_slug":"us","state_name":"California","state_slug":"california","city":"Atascadero","city_slug":"atascadero","location_count":"3","court_count":"13"},{"country_id":"US","country_name":"United States","country_slug":"us","state_name":"California","state_slug":"california","city":"Belmont","city_slug":"belmont","location_count":"3","court_count":"5"},{"country_id":"US","country_name":"United States","country_slug":"us","state_name":"California","state_slug":"california","city":"Benicia","city_slug":"benicia","location_count":"3","court_count":"5"},{"country_id":"US","country_name":"United States","country_slug":"us","state_name":"California","state_slug":"california","city":"Buena Park","city_slug":"buena-park","location_count":"3","court_count":"8"},{"country_id":"US","country_name":"United States","country_slug":"us","state_name":"California","state_slug":"california","city":"Carmel Highlands","city_slug":"carmel-highlands","location_count":"3","court_count":"10"},{"country_id":"US","country_name":"United States","country_slug":"us","state_name":"California","state_slug":"california","city":"Chino","city_slug":"chino","location_count":"3","court_count":"6"},{"country_id":"US","country_name":"United States","country_slug":"us","state_name":"California","state_slug":"california","city":"Citrus Heights","city_slug":"citrus-heights","location_count":"3","court_count":"18"},{"country_id":"US","country_name":"United States","country_slug":"us","state_name":"California","state_slug":"california","city":"Coronado","city_slug":"coronado","location_count":"3","court_count":"26"},{"country_id":"US","country_name":"United States","country_slug":"us","state_name":"California","state_slug":"california","city":"Costa Mesa","city_slug":"costa-mesa","location_count":"3","court_count":"9"},{"country_id":"US","country_name":"United States","country_slug":"us","state_name":"California","state_slug":"california","city":"Culver City","city_slug":"culver-city","location_count":"3","court_count":"9"},{"country_id":"US","country_name":"United States","country_slug":"us","state_name":"California","state_slug":"california","city":"Cypress","city_slug":"cypress","location_count":"3","court_count":"19"},{"country_id":"US","country_name":"United States","country_slug":"us","state_name":"California","state_slug":"california","city":"Daly City","city_slug":"daly-city","location_count":"3","court_count":"12"},{"country_id":"US","country_name":"United States","country_slug":"us","state_name":"California","state_slug":"california","city":"Danville","city_slug":"danville","location_count":"3","court_count":"14"},{"country_id":"US","country_name":"United States","country_slug":"us","state_name":"California","state_slug":"california","city":"Diamond Bar","city_slug":"diamond-bar","location_count":"3","court_count":"12"},{"country_id":"US","country_name":"United States","country_slug":"us","state_name":"California","state_slug":"california","city":"El Cajon","city_slug":"el-cajon","location_count":"3","court_count":"7"},{"country_id":"US","country_name":"United States","country_slug":"us","state_name":"California","state_slug":"california","city":"El Dorado Hills","city_slug":"el-dorado-hills","location_count":"3","court_count":"10"},{"country_id":"US","country_name":"United States","country_slug":"us","state_name":"California","state_slug":"california","city":"Eureka","city_slug":"eureka","location_count":"3","court_count":"20"},{"country_id":"US","country_name":"United States","country_slug":"us","state_name":"California","state_slug":"california","city":"Fairfield","city_slug":"fairfield","location_count":"3","court_count":"32"},{"country_id":"US","country_name":"United States","country_slug":"us","state_name":"California","state_slug":"california","city":"Fair Oaks","city_slug":"fair-oaks","location_count":"3","court_count":"11"},{"country_id":"US","country_name":"United States","country_slug":"us","state_name":"California","state_slug":"california","city":"Fallbrook","city_slug":"fallbrook","location_count":"3","court_count":"13"},{"country_id":"US","country_name":"United States","country_slug":"us","state_name":"California","state_slug":"california","city":"Gardena","city_slug":"gardena","location_count":"3","court_count":"41"},{"country_id":"US","country_name":"United States","country_slug":"us","state_name":"California","state_slug":"california","city":"Garden Grove","city_slug":"garden-grove","location_count":"3","court_count":"7"},{"country_id":"US","country_name":"United States","country_slug":"us","state_name":"California","state_slug":"california","city":"Hayward","city_slug":"hayward","location_count":"3","court_count":"10"},{"country_id":"US","country_name":"United States","country_slug":"us","state_name":"California","state_slug":"california","city":"La Cañada Flintridge","city_slug":"la-canada-flintridge","location_count":"3","court_count":"6"},{"country_id":"US","country_name":"United States","country_slug":"us","state_name":"California","state_slug":"california","city":"Laguna Beach","city_slug":"laguna-beach","location_count":"3","court_count":"11"},{"country_id":"US","country_name":"United States","country_slug":"us","state_name":"California","state_slug":"california","city":"La Mesa","city_slug":"la-mesa","location_count":"3","court_count":"16"},{"country_id":"US","country_name":"United States","country_slug":"us","state_name":"California","state_slug":"california","city":"Livermore","city_slug":"livermore","location_count":"3","court_count":"18"},{"country_id":"US","country_name":"United States","country_slug":"us","state_name":"California","state_slug":"california","city":"Los Altos","city_slug":"los-altos","location_count":"3","court_count":"18"},{"country_id":"US","country_name":"United States","country_slug":"us","state_name":"California","state_slug":"california","city":"Los Gatos","city_slug":"los-gatos","location_count":"3","court_count":"11"},{"country_id":"US","country_name":"United States","country_slug":"us","state_name":"California","state_slug":"california","city":"Manhattan Beach","city_slug":"manhattan-beach","location_count":"3","court_count":"17"},{"country_id":"US","country_name":"United States","country_slug":"us","state_name":"California","state_slug":"california","city":"Marina del Rey","city_slug":"marina-del-rey","location_count":"3","court_count":"10"},{"country_id":"US","country_name":"United States","country_slug":"us","state_name":"California","state_slug":"california","city":"Martinez","city_slug":"martinez","location_count":"3","court_count":"19"},{"country_id":"US","country_name":"United States","country_slug":"us","state_name":"California","state_slug":"california","city":"Merced","city_slug":"merced","location_count":"3","court_count":"14"},{"country_id":"US","country_name":"United States","country_slug":"us","state_name":"California","state_slug":"california","city":"Mill Valley","city_slug":"mill-valley","location_count":"3","court_count":"10"},{"country_id":"US","country_name":"United States","country_slug":"us","state_name":"California","state_slug":"california","city":"Mission Viejo","city_slug":"mission-viejo","location_count":"3","court_count":"18"},{"country_id":"US","country_name":"United States","country_slug":"us","state_name":"California","state_slug":"california","city":"Moorpark","city_slug":"moorpark","location_count":"3","court_count":"16"},{"country_id":"US","country_name":"United States","country_slug":"us","state_name":"California","state_slug":"california","city":"Mountain View","city_slug":"mountain-view","location_count":"3","court_count":"17"},{"country_id":"US","country_name":"United States","country_slug":"us","state_name":"California","state_slug":"california","city":"Murrieta","city_slug":"murrieta","location_count":"3","court_count":"6"},{"country_id":"US","country_name":"United States","country_slug":"us","state_name":"California","state_slug":"california","city":"Ojai","city_slug":"ojai","location_count":"3","court_count":"8"},{"country_id":"US","country_name":"United States","country_slug":"us","state_name":"California","state_slug":"california","city":"Ontario","city_slug":"ontario","location_count":"3","court_count":"8"},{"country_id":"US","country_name":"United States","country_slug":"us","state_name":"California","state_slug":"california","city":"Orange","city_slug":"orange","location_count":"3","court_count":"7"},{"country_id":"US","country_name":"United States","country_slug":"us","state_name":"California","state_slug":"california","city":"Orangevale","city_slug":"orangevale","location_count":"3","court_count":"6"},{"country_id":"US","country_name":"United States","country_slug":"us","state_name":"California","state_slug":"california","city":"Oroville","city_slug":"oroville","location_count":"3","court_count":"9"},{"country_id":"US","country_name":"United States","country_slug":"us","state_name":"California","state_slug":"california","city":"Palm Springs","city_slug":"palm-springs","location_count":"3","court_count":"20"},{"country_id":"US","country_name":"United States","country_slug":"us","state_name":"California","state_slug":"california","city":"Piedmont","city_slug":"piedmont","location_count":"3","court_count":"14"},{"country_id":"US","country_name":"United States","country_slug":"us","state_name":"California","state_slug":"california","city":"Pismo Beach","city_slug":"pismo-beach","location_count":"3","court_count":"12"},{"country_id":"US","country_name":"United States","country_slug":"us","state_name":"California","state_slug":"california","city":"Pleasanton","city_slug":"pleasanton","location_count":"3","court_count":"21"},{"country_id":"US","country_name":"United States","country_slug":"us","state_name":"California","state_slug":"california","city":"Poway","city_slug":"poway","location_count":"3","court_count":"44"},{"country_id":"US","country_name":"United States","country_slug":"us","state_name":"California","state_slug":"california","city":"Rancho Cucamonga","city_slug":"rancho-cucamonga","location_count":"3","court_count":"8"},{"country_id":"US","country_name":"United States","country_slug":"us","state_name":"California","state_slug":"california","city":"Rancho Palos Verdes","city_slug":"rancho-palos-verdes","location_count":"3","court_count":"14"},{"country_id":"US","country_name":"United States","country_slug":"us","state_name":"California","state_slug":"california","city":"Redding","city_slug":"redding","location_count":"3","court_count":"23"},{"country_id":"US","country_name":"United States","country_slug":"us","state_name":"California","state_slug":"california","city":"Redlands","city_slug":"redlands","location_count":"3","court_count":"12"},{"country_id":"US","country_name":"United States","country_slug":"us","state_name":"California","state_slug":"california","city":"Redondo Beach","city_slug":"redondo-beach","location_count":"3","court_count":"4"},{"country_id":"US","country_name":"United States","country_slug":"us","state_name":"California","state_slug":"california","city":"San Carlos","city_slug":"san-carlos","location_count":"3","court_count":"10"},{"country_id":"US","country_name":"United States","country_slug":"us","state_name":"California","state_slug":"california","city":"San Jacinto","city_slug":"san-jacinto","location_count":"3","court_count":"29"},{"country_id":"US","country_name":"United States","country_slug":"us","state_name":"California","state_slug":"california","city":"San Mateo","city_slug":"san-mateo","location_count":"3","court_count":"11"},{"country_id":"US","country_name":"United States","country_slug":"us","state_name":"California","state_slug":"california","city":"Santa Cruz","city_slug":"santa-cruz","location_count":"3","court_count":"18"},{"country_id":"US","country_name":"United States","country_slug":"us","state_name":"California","state_slug":"california","city":"Seal Beach","city_slug":"seal-beach","location_count":"3","court_count":"32"},{"country_id":"US","country_name":"United States","country_slug":"us","state_name":"California","state_slug":"california","city":"Simi Valley","city_slug":"simi-valley","location_count":"3","court_count":"26"},{"country_id":"US","country_name":"United States","country_slug":"us","state_name":"California","state_slug":"california","city":"South Lake Tahoe","city_slug":"south-lake-tahoe","location_count":"3","court_count":"14"},{"country_id":"US","country_name":"United States","country_slug":"us","state_name":"California","state_slug":"california","city":"Templeton","city_slug":"templeton","location_count":"3","court_count":"10"},{"country_id":"US","country_name":"United States","country_slug":"us","state_name":"California","state_slug":"california","city":"Truckee","city_slug":"truckee","location_count":"3","court_count":"6"},{"country_id":"US","country_name":"United States","country_slug":"us","state_name":"California","state_slug":"california","city":"Turlock","city_slug":"turlock","location_count":"3","court_count":"14"},{"country_id":"US","country_name":"United States","country_slug":"us","state_name":"California","state_slug":"california","city":"Ukiah","city_slug":"ukiah","location_count":"3","court_count":"6"},{"country_id":"US","country_name":"United States","country_slug":"us","state_name":"California","state_slug":"california","city":"Vallejo","city_slug":"vallejo","location_count":"3","court_count":"9"},{"country_id":"US","country_name":"United States","country_slug":"us","state_name":"California","state_slug":"california","city":"Visalia","city_slug":"visalia","location_count":"3","court_count":"16"},{"country_id":"US","country_name":"United States","country_slug":"us","state_name":"California","state_slug":"california","city":"Agoura Hills","city_slug":"agoura-hills","location_count":"2","court_count":"8"},{"country_id":"US","country_name":"United States","country_slug":"us","state_name":"California","state_slug":"california","city":"Aguanga","city_slug":"aguanga","location_count":"2","court_count":"10"},{"country_id":"US","country_name":"United States","country_slug":"us","state_name":"California","state_slug":"california","city":"Altadena","city_slug":"altadena","location_count":"2","court_count":"8"},{"country_id":"US","country_name":"United States","country_slug":"us","state_name":"California","state_slug":"california","city":"Aptos","city_slug":"aptos","location_count":"2","court_count":"17"},{"country_id":"US","country_name":"United States","country_slug":"us","state_name":"California","state_slug":"california","city":"Arroyo Grande","city_slug":"arroyo-grande","location_count":"2","court_count":"7"},{"country_id":"US","country_name":"United States","country_slug":"us","state_name":"California","state_slug":"california","city":"Barstow","city_slug":"barstow","location_count":"2","court_count":"10"},{"country_id":"US","country_name":"United States","country_slug":"us","state_name":"California","state_slug":"california","city":"Beaumont","city_slug":"beaumont","location_count":"2","court_count":"13"},{"country_id":"US","country_name":"United States","country_slug":"us","state_name":"California","state_slug":"california","city":"Blue Lake","city_slug":"blue-lake","location_count":"2","court_count":"7"},{"country_id":"US","country_name":"United States","country_slug":"us","state_name":"California","state_slug":"california","city":"Brentwood","city_slug":"brentwood","location_count":"2","court_count":"11"},{"country_id":"US","country_name":"United States","country_slug":"us","state_name":"California","state_slug":"california","city":"Canyon Lake","city_slug":"canyon-lake","location_count":"2","court_count":"12"},{"country_id":"US","country_name":"United States","country_slug":"us","state_name":"California","state_slug":"california","city":"Carson","city_slug":"carson","location_count":"2","court_count":"16"},{"country_id":"US","country_name":"United States","country_slug":"us","state_name":"California","state_slug":"california","city":"Cathedral City","city_slug":"cathedral-city","location_count":"2","court_count":"13"},{"country_id":"US","country_name":"United States","country_slug":"us","state_name":"California","state_slug":"california","city":"Chico","city_slug":"chico","location_count":"2","court_count":"19"},{"country_id":"US","country_name":"United States","country_slug":"us","state_name":"California","state_slug":"california","city":"Chino Hills","city_slug":"chino-hills","location_count":"2","court_count":"9"},{"country_id":"US","country_name":"United States","country_slug":"us","state_name":"California","state_slug":"california","city":"Claremont","city_slug":"claremont","location_count":"2","court_count":"15"},{"country_id":"US","country_name":"United States","country_slug":"us","state_name":"California","state_slug":"california","city":"Concord","city_slug":"concord","location_count":"2","court_count":"16"},{"country_id":"US","country_name":"United States","country_slug":"us","state_name":"California","state_slug":"california","city":"Copperopolis","city_slug":"copperopolis","location_count":"2","court_count":"4"},{"country_id":"US","country_name":"United States","country_slug":"us","state_name":"California","state_slug":"california","city":"Covina","city_slug":"covina","location_count":"2","court_count":"8"},{"country_id":"US","country_name":"United States","country_slug":"us","state_name":"California","state_slug":"california","city":"Crescent City","city_slug":"crescent-city","location_count":"2","court_count":"5"},{"country_id":"US","country_name":"United States","country_slug":"us","state_name":"California","state_slug":"california","city":"Cupertino","city_slug":"cupertino","location_count":"2","court_count":"14"},{"country_id":"US","country_name":"United States","country_slug":"us","state_name":"California","state_slug":"california","city":"Dana Point","city_slug":"dana-point","location_count":"2","court_count":"8"},{"country_id":"US","country_name":"United States","country_slug":"us","state_name":"California","state_slug":"california","city":"Eastvale","city_slug":"eastvale","location_count":"2","court_count":"5"},{"country_id":"US","country_name":"United States","country_slug":"us","state_name":"California","state_slug":"california","city":"El Segundo","city_slug":"el-segundo","location_count":"2","court_count":"17"},{"country_id":"US","country_name":"United States","country_slug":"us","state_name":"California","state_slug":"california","city":"Fiddletown","city_slug":"fiddletown","location_count":"2","court_count":"5"},{"country_id":"US","country_name":"United States","country_slug":"us","state_name":"California","state_slug":"california","city":"Fort Bragg","city_slug":"fort-bragg","location_count":"2","court_count":"10"},{"country_id":"US","country_name":"United States","country_slug":"us","state_name":"California","state_slug":"california","city":"Fortuna","city_slug":"fortuna","location_count":"2","court_count":"5"},{"country_id":"US","country_name":"United States","country_slug":"us","state_name":"California","state_slug":"california","city":"Fountain Valley","city_slug":"fountain-valley","location_count":"2","court_count":"53"},{"country_id":"US","country_name":"United States","country_slug":"us","state_name":"California","state_slug":"california","city":"Gilroy","city_slug":"gilroy","location_count":"2","court_count":"6"},{"country_id":"US","country_name":"United States","country_slug":"us","state_name":"California","state_slug":"california","city":"Hanford","city_slug":"hanford","location_count":"2","court_count":"12"},{"country_id":"US","country_name":"United States","country_slug":"us","state_name":"California","state_slug":"california","city":"Hermosa Beach","city_slug":"hermosa-beach","location_count":"2","court_count":"4"},{"country_id":"US","country_name":"United States","country_slug":"us","state_name":"California","state_slug":"california","city":"Hesperia","city_slug":"hesperia","location_count":"2","court_count":"7"},{"country_id":"US","country_name":"United States","country_slug":"us","state_name":"California","state_slug":"california","city":"Hollister","city_slug":"hollister","location_count":"2","court_count":"7"},{"country_id":"US","country_name":"United States","country_slug":"us","state_name":"California","state_slug":"california","city":"Kingsburg","city_slug":"kingsburg","location_count":"2","court_count":"6"},{"country_id":"US","country_name":"United States","country_slug":"us","state_name":"California","state_slug":"california","city":"Laguna Hills","city_slug":"laguna-hills","location_count":"2","court_count":"12"},{"country_id":"US","country_name":"United States","country_slug":"us","state_name":"California","state_slug":"california","city":"Lake Arrowhead","city_slug":"lake-arrowhead","location_count":"2","court_count":"4"},{"country_id":"US","country_name":"United States","country_slug":"us","state_name":"California","state_slug":"california","city":"Lake Elsinore","city_slug":"lake-elsinore","location_count":"2","court_count":"5"},{"country_id":"US","country_name":"United States","country_slug":"us","state_name":"California","state_slug":"california","city":"Lakeside","city_slug":"lakeside","location_count":"2","court_count":"12"},{"country_id":"US","country_name":"United States","country_slug":"us","state_name":"California","state_slug":"california","city":"La Mirada","city_slug":"la-mirada","location_count":"2","court_count":"6"},{"country_id":"US","country_name":"United States","country_slug":"us","state_name":"California","state_slug":"california","city":"Lancaster","city_slug":"lancaster","location_count":"2","court_count":"11"},{"country_id":"US","country_name":"United States","country_slug":"us","state_name":"California","state_slug":"california","city":"La Puente","city_slug":"la-puente","location_count":"2","court_count":"7"},{"country_id":"US","country_name":"United States","country_slug":"us","state_name":"California","state_slug":"california","city":"Lincoln","city_slug":"lincoln","location_count":"2","court_count":"19"},{"country_id":"US","country_name":"United States","country_slug":"us","state_name":"California","state_slug":"california","city":"Lodi","city_slug":"lodi","location_count":"2","court_count":"10"},{"country_id":"US","country_name":"United States","country_slug":"us","state_name":"California","state_slug":"california","city":"Loma Linda","city_slug":"loma-linda","location_count":"2","court_count":"28"},{"country_id":"US","country_name":"United States","country_slug":"us","state_name":"California","state_slug":"california","city":"Lompoc","city_slug":"lompoc","location_count":"2","court_count":"12"},{"country_id":"US","country_name":"United States","country_slug":"us","state_name":"California","state_slug":"california","city":"Manteca","city_slug":"manteca","location_count":"2","court_count":"8"},{"country_id":"US","country_name":"United States","country_slug":"us","state_name":"California","state_slug":"california","city":"Menlo Park","city_slug":"menlo-park","location_count":"2","court_count":"6"},{"country_id":"US","country_name":"United States","country_slug":"us","state_name":"California","state_slug":"california","city":"Modesto","city_slug":"modesto","location_count":"2","court_count":"28"},{"country_id":"US","country_name":"United States","country_slug":"us","state_name":"California","state_slug":"california","city":"Monterey Park","city_slug":"monterey-park","location_count":"2","court_count":"7"},{"country_id":"US","country_name":"United States","country_slug":"us","state_name":"California","state_slug":"california","city":"Morgan Hill","city_slug":"morgan-hill","location_count":"2","court_count":"9"},{"country_id":"US","country_name":"United States","country_slug":"us","state_name":"California","state_slug":"california","city":"Novato","city_slug":"novato","location_count":"2","court_count":"18"},{"country_id":"US","country_name":"United States","country_slug":"us","state_name":"California","state_slug":"california","city":"Oakdale","city_slug":"oakdale","location_count":"2","court_count":"8"},{"country_id":"US","country_name":"United States","country_slug":"us","state_name":"California","state_slug":"california","city":"Occidental","city_slug":"occidental","location_count":"2","court_count":"5"},{"country_id":"US","country_name":"United States","country_slug":"us","state_name":"California","state_slug":"california","city":"Orinda","city_slug":"orinda","location_count":"2","court_count":"5"},{"country_id":"US","country_name":"United States","country_slug":"us","state_name":"California","state_slug":"california","city":"Paso Robles","city_slug":"paso-robles","location_count":"2","court_count":"6"},{"country_id":"US","country_name":"United States","country_slug":"us","state_name":"California","state_slug":"california","city":"Patterson","city_slug":"patterson","location_count":"2","court_count":"12"},{"country_id":"US","country_name":"United States","country_slug":"us","state_name":"California","state_slug":"california","city":"Penn Valley","city_slug":"penn-valley","location_count":"2","court_count":"9"},{"country_id":"US","country_name":"United States","country_slug":"us","state_name":"California","state_slug":"california","city":"Perris","city_slug":"perris","location_count":"2","court_count":"5"},{"country_id":"US","country_name":"United States","country_slug":"us","state_name":"California","state_slug":"california","city":"Petaluma","city_slug":"petaluma","location_count":"2","court_count":"5"},{"country_id":"US","country_name":"United States","country_slug":"us","state_name":"California","state_slug":"california","city":"Portola Valley","city_slug":"portola-valley","location_count":"2","court_count":"12"},{"country_id":"US","country_name":"United States","country_slug":"us","state_name":"California","state_slug":"california","city":"Rancho Cordova","city_slug":"rancho-cordova","location_count":"2","court_count":"11"},{"country_id":"US","country_name":"United States","country_slug":"us","state_name":"California","state_slug":"california","city":"Rancho Santa Margarita","city_slug":"rancho-santa-margarita","location_count":"2","court_count":"16"},{"country_id":"US","country_name":"United States","country_slug":"us","state_name":"California","state_slug":"california","city":"Red Bluff","city_slug":"red-bluff","location_count":"2","court_count":"7"},{"country_id":"US","country_name":"United States","country_slug":"us","state_name":"California","state_slug":"california","city":"Riverbank","city_slug":"riverbank","location_count":"2","court_count":"12"},{"country_id":"US","country_name":"United States","country_slug":"us","state_name":"California","state_slug":"california","city":"Rohnert Park","city_slug":"rohnert-park","location_count":"2","court_count":"20"},{"country_id":"US","country_name":"United States","country_slug":"us","state_name":"California","state_slug":"california","city":"Rolling Hills Estates","city_slug":"rolling-hills-estates","location_count":"2","court_count":"8"},{"country_id":"US","country_name":"United States","country_slug":"us","state_name":"California","state_slug":"california","city":"Salinas","city_slug":"salinas","location_count":"2","court_count":"10"},{"country_id":"US","country_name":"United States","country_slug":"us","state_name":"California","state_slug":"california","city":"San Geronimo","city_slug":"san-geronimo","location_count":"2","court_count":"4"},{"country_id":"US","country_name":"United States","country_slug":"us","state_name":"California","state_slug":"california","city":"San Juan Capistrano","city_slug":"san-juan-capistrano","location_count":"2","court_count":"5"},{"country_id":"US","country_name":"United States","country_slug":"us","state_name":"California","state_slug":"california","city":"San Leandro","city_slug":"san-leandro","location_count":"2","court_count":"14"},{"country_id":"US","country_name":"United States","country_slug":"us","state_name":"California","state_slug":"california","city":"San Luis Obispo","city_slug":"san-luis-obispo","location_count":"2","court_count":"10"},{"country_id":"US","country_name":"United States","country_slug":"us","state_name":"California","state_slug":"california","city":"Santa Clara","city_slug":"santa-clara","location_count":"2","court_count":"16"},{"country_id":"US","country_name":"United States","country_slug":"us","state_name":"California","state_slug":"california","city":"Santa Maria","city_slug":"santa-maria","location_count":"2","court_count":"9"},{"country_id":"US","country_name":"United States","country_slug":"us","state_name":"California","state_slug":"california","city":"Sausalito","city_slug":"sausalito","location_count":"2","court_count":"8"},{"country_id":"US","country_name":"United States","country_slug":"us","state_name":"California","state_slug":"california","city":"Seaside","city_slug":"seaside","location_count":"2","court_count":"24"},{"country_id":"US","country_name":"United States","country_slug":"us","state_name":"California","state_slug":"california","city":"Sebastopol","city_slug":"sebastopol","location_count":"2","court_count":"4"},{"country_id":"US","country_name":"United States","country_slug":"us","state_name":"California","state_slug":"california","city":"South Pasadena","city_slug":"south-pasadena","location_count":"2","court_count":"14"},{"country_id":"US","country_name":"United States","country_slug":"us","state_name":"California","state_slug":"california","city":"Spring Valley","city_slug":"spring-valley","location_count":"2","court_count":"51"},{"country_id":"US","country_name":"United States","country_slug":"us","state_name":"California","state_slug":"california","city":"Sunnyvale","city_slug":"sunnyvale","location_count":"2","court_count":"18"},{"country_id":"US","country_name":"United States","country_slug":"us","state_name":"California","state_slug":"california","city":"Tahoe City","city_slug":"tahoe-city","location_count":"2","court_count":"16"},{"country_id":"US","country_name":"United States","country_slug":"us","state_name":"California","state_slug":"california","city":"Temescal Valley","city_slug":"temescal-valley","location_count":"2","court_count":"4"},{"country_id":"US","country_name":"United States","country_slug":"us","state_name":"California","state_slug":"california","city":"Trabuco Canyon","city_slug":"trabuco-canyon","location_count":"2","court_count":"20"},{"country_id":"US","country_name":"United States","country_slug":"us","state_name":"California","state_slug":"california","city":"Tracy","city_slug":"tracy","location_count":"2","court_count":"6"},{"country_id":"US","country_name":"United States","country_slug":"us","state_name":"California","state_slug":"california","city":"Ventura","city_slug":"ventura","location_count":"2","court_count":"10"},{"country_id":"US","country_name":"United States","country_slug":"us","state_name":"California","state_slug":"california","city":"West Hollywood","city_slug":"west-hollywood","location_count":"2","court_count":"7"},{"country_id":"US","country_name":"United States","country_slug":"us","state_name":"California","state_slug":"california","city":"Westlake Village","city_slug":"westlake-village","location_count":"2","court_count":"12"},{"country_id":"US","country_name":"United States","country_slug":"us","state_name":"California","state_slug":"california","city":"Westminster","city_slug":"westminster","location_count":"2","court_count":"5"},{"country_id":"US","country_name":"United States","country_slug":"us","state_name":"California","state_slug":"california","city":"Westwood","city_slug":"westwood","location_count":"2","court_count":"4"},{"country_id":"US","country_name":"United States","country_slug":"us","state_name":"California","state_slug":"california","city":"Woodland","city_slug":"woodland","location_count":"2","court_count":"10"},{"country_id":"US","country_name":"United States","country_slug":"us","state_name":"California","state_slug":"california","city":"Yountville","city_slug":"yountville","location_count":"2","court_count":"10"},{"country_id":"US","country_name":"United States","country_slug":"us","state_name":"California","state_slug":"california","city":"Yuba City","city_slug":"yuba-city","location_count":"2","court_count":"7"},{"country_id":"US","country_name":"United States","country_slug":"us","state_name":"California","state_slug":"california","city":"Yucca Valley","city_slug":"yucca-valley","location_count":"2","court_count":"5"},{"country_id":"US","country_name":"United States","country_slug":"us","state_name":"California","state_slug":"california","city":"Acton","city_slug":"acton","location_count":"1","court_count":"2"},{"country_id":"US","country_name":"United States","country_slug":"us","state_name":"California","state_slug":"california","city":"Alamo","city_slug":"alamo","location_count":"1","court_count":"3"},{"country_id":"US","country_name":"United States","country_slug":"us","state_name":"California","state_slug":"california","city":"Albany","city_slug":"albany","location_count":"1","court_count":"6"},{"country_id":"US","country_name":"United States","country_slug":"us","state_name":"California","state_slug":"california","city":"Alhambra","city_slug":"alhambra","location_count":"1","court_count":"3"},{"country_id":"US","country_name":"United States","country_slug":"us","state_name":"California","state_slug":"california","city":"Aliso Viejo","city_slug":"aliso-viejo","location_count":"1","court_count":"8"},{"country_id":"US","country_name":"United States","country_slug":"us","state_name":"California","state_slug":"california","city":"Antelope","city_slug":"antelope","location_count":"1","court_count":"2"},{"country_id":"US","country_name":"United States","country_slug":"us","state_name":"California","state_slug":"california","city":"Arnold","city_slug":"arnold","location_count":"1","court_count":"1"},{"country_id":"US","country_name":"United States","country_slug":"us","state_name":"California","state_slug":"california","city":"Atlanta","city_slug":"atlanta","location_count":"1","court_count":"2"},{"country_id":"US","country_name":"United States","country_slug":"us","state_name":"California","state_slug":"california","city":"Auburn Lake Trails","city_slug":"auburn-lake-trails","location_count":"1","court_count":"12"},{"country_id":"US","country_name":"United States","country_slug":"us","state_name":"California","state_slug":"california","city":"Avalon","city_slug":"avalon","location_count":"1","court_count":"4"},{"country_id":"US","country_name":"United States","country_slug":"us","state_name":"California","state_slug":"california","city":"Azusa","city_slug":"azusa","location_count":"1","court_count":"4"},{"country_id":"US","country_name":"United States","country_slug":"us","state_name":"California","state_slug":"california","city":"Baldwin Park","city_slug":"baldwin-park","location_count":"1","court_count":"2"},{"country_id":"US","country_name":"United States","country_slug":"us","state_name":"California","state_slug":"california","city":"Baywood-Los Osos","city_slug":"baywood-los-osos","location_count":"1","court_count":"4"},{"country_id":"US","country_name":"United States","country_slug":"us","state_name":"California","state_slug":"california","city":"Bellflower","city_slug":"bellflower","location_count":"1","court_count":"2"},{"country_id":"US","country_name":"United States","country_slug":"us","state_name":"California","state_slug":"california","city":"Belvedere Gardens","city_slug":"belvedere-gardens","location_count":"1","court_count":"1"},{"country_id":"US","country_name":"United States","country_slug":"us","state_name":"California","state_slug":"california","city":"Beverly Hills","city_slug":"beverly-hills","location_count":"1","court_count":"4"},{"country_id":"US","country_name":"United States","country_slug":"us","state_name":"California","state_slug":"california","city":"Big Bear City","city_slug":"big-bear-city","location_count":"1","court_count":"8"},{"country_id":"US","country_name":"United States","country_slug":"us","state_name":"California","state_slug":"california","city":"Big Bear Lake","city_slug":"big-bear-lake","location_count":"1","court_count":"4"},{"country_id":"US","country_name":"United States","country_slug":"us","state_name":"California","state_slug":"california","city":"Bishop","city_slug":"bishop","location_count":"1","court_count":"4"},{"country_id":"US","country_name":"United States","country_slug":"us","state_name":"California","state_slug":"california","city":"Bolinas","city_slug":"bolinas","location_count":"1","court_count":"1"},{"country_id":"US","country_name":"United States","country_slug":"us","state_name":"California","state_slug":"california","city":"Bonita","city_slug":"bonita","location_count":"1","court_count":"1"},{"country_id":"US","country_name":"United States","country_slug":"us","state_name":"California","state_slug":"california","city":"Bonsall","city_slug":"bonsall","location_count":"1","court_count":"2"},{"country_id":"US","country_name":"United States","country_slug":"us","state_name":"California","state_slug":"california","city":"Boulder Creek","city_slug":"boulder-creek","location_count":"1","court_count":"4"},{"country_id":"US","country_name":"United States","country_slug":"us","state_name":"California","state_slug":"california","city":"Brea","city_slug":"brea","location_count":"1","court_count":"2"},{"country_id":"US","country_name":"United States","country_slug":"us","state_name":"California","state_slug":"california","city":"Brisbane","city_slug":"brisbane","location_count":"1","court_count":"2"},{"country_id":"US","country_name":"United States","country_slug":"us","state_name":"California","state_slug":"california","city":"Buellton","city_slug":"buellton","location_count":"1","court_count":"3"},{"country_id":"US","country_name":"United States","country_slug":"us","state_name":"California","state_slug":"california","city":"Burnt Ranch","city_slug":"burnt-ranch","location_count":"1","court_count":"2"},{"country_id":"US","country_name":"United States","country_slug":"us","state_name":"California","state_slug":"california","city":"Calabasas","city_slug":"calabasas","location_count":"1","court_count":"16"},{"country_id":"US","country_name":"United States","country_slug":"us","state_name":"California","state_slug":"california","city":"Calimesa","city_slug":"calimesa","location_count":"1","court_count":"2"},{"country_id":"US","country_name":"United States","country_slug":"us","state_name":"California","state_slug":"california","city":"Calistoga","city_slug":"calistoga","location_count":"1","court_count":"4"},{"country_id":"US","country_name":"United States","country_slug":"us","state_name":"California","state_slug":"california","city":"Cambria","city_slug":"cambria","location_count":"1","court_count":"6"},{"country_id":"US","country_name":"United States","country_slug":"us","state_name":"California","state_slug":"california","city":"Cameron Park","city_slug":"cameron-park","location_count":"1","court_count":"3"},{"country_id":"US","country_name":"United States","country_slug":"us","state_name":"California","state_slug":"california","city":"Campbell","city_slug":"campbell","location_count":"1","court_count":"20"},{"country_id":"US","country_name":"United States","country_slug":"us","state_name":"California","state_slug":"california","city":"Carmel-by-the-Sea","city_slug":"carmel-by-the-sea","location_count":"1","court_count":"4"},{"country_id":"US","country_name":"United States","country_slug":"us","state_name":"California","state_slug":"california","city":"Carpinteria","city_slug":"carpinteria","location_count":"1","court_count":"2"},{"country_id":"US","country_name":"United States","country_slug":"us","state_name":"California","state_slug":"california","city":"Ceres","city_slug":"ceres","location_count":"1","court_count":"2"},{"country_id":"US","country_name":"United States","country_slug":"us","state_name":"California","state_slug":"california","city":"Cherry Valley","city_slug":"cherry-valley","location_count":"1","court_count":"2"},{"country_id":"US","country_name":"United States","country_slug":"us","state_name":"California","state_slug":"california","city":"Cienega","city_slug":"cienega","location_count":"1","court_count":"4"},{"country_id":"US","country_name":"United States","country_slug":"us","state_name":"California","state_slug":"california","city":"City of Industry","city_slug":"city-of-industry","location_count":"1","court_count":"4"},{"country_id":"US","country_name":"United States","country_slug":"us","state_name":"California","state_slug":"california","city":"Coachella","city_slug":"coachella","location_count":"1","court_count":"4"},{"country_id":"US","country_name":"United States","country_slug":"us","state_name":"California","state_slug":"california","city":"Compton","city_slug":"compton","location_count":"1","court_count":"2"},{"country_id":"US","country_name":"United States","country_slug":"us","state_name":"California","state_slug":"california","city":"Corcoran","city_slug":"corcoran","location_count":"1","court_count":"4"},{"country_id":"US","country_name":"United States","country_slug":"us","state_name":"California","state_slug":"california","city":"Corte Madera","city_slug":"corte-madera","location_count":"1","court_count":"2"},{"country_id":"US","country_name":"United States","country_slug":"us","state_name":"California","state_slug":"california","city":"Dinuba","city_slug":"dinuba","location_count":"1","court_count":"2"},{"country_id":"US","country_name":"United States","country_slug":"us","state_name":"California","state_slug":"california","city":"Downey","city_slug":"downey","location_count":"1","court_count":"4"},{"country_id":"US","country_name":"United States","country_slug":"us","state_name":"California","state_slug":"california","city":"Duarte","city_slug":"duarte","location_count":"1","court_count":"2"},{"country_id":"US","country_name":"United States","country_slug":"us","state_name":"California","state_slug":"california","city":"Dublin","city_slug":"dublin","location_count":"1","court_count":"2"},{"country_id":"US","country_name":"United States","country_slug":"us","state_name":"California","state_slug":"california","city":"Durham","city_slug":"durham","location_count":"1","court_count":"3"},{"country_id":"US","country_name":"United States","country_slug":"us","state_name":"California","state_slug":"california","city":"El Cerrito","city_slug":"el-cerrito","location_count":"1","court_count":"6"},{"country_id":"US","country_name":"United States","country_slug":"us","state_name":"California","state_slug":"california","city":"El Paso de Robles","city_slug":"el-paso-de-robles","location_count":"1","court_count":"3"},{"country_id":"US","country_name":"United States","country_slug":"us","state_name":"California","state_slug":"california","city":"El Sobrante","city_slug":"el-sobrante","location_count":"1","court_count":"4"},{"country_id":"US","country_name":"United States","country_slug":"us","state_name":"California","state_slug":"california","city":"Etna","city_slug":"etna","location_count":"1","court_count":"2"},{"country_id":"US","country_name":"United States","country_slug":"us","state_name":"California","state_slug":"california","city":"Fairfax","city_slug":"fairfax","location_count":"1","court_count":"5"},{"country_id":"US","country_name":"United States","country_slug":"us","state_name":"California","state_slug":"california","city":"Fawnskin","city_slug":"fawnskin","location_count":"1","court_count":"2"},{"country_id":"US","country_name":"United States","country_slug":"us","state_name":"California","state_slug":"california","city":"Fillmore","city_slug":"fillmore","location_count":"1","court_count":"2"},{"country_id":"US","country_name":"United States","country_slug":"us","state_name":"California","state_slug":"california","city":"Foster City","city_slug":"foster-city","location_count":"1","court_count":"6"},{"country_id":"US","country_name":"United States","country_slug":"us","state_name":"California","state_slug":"california","city":"Fowler","city_slug":"fowler","location_count":"1","court_count":"2"},{"country_id":"US","country_name":"United States","country_slug":"us","state_name":"California","state_slug":"california","city":"Frazier Park","city_slug":"frazier-park","location_count":"1","court_count":"4"},{"country_id":"US","country_name":"United States","country_slug":"us","state_name":"California","state_slug":"california","city":"Galt","city_slug":"galt","location_count":"1","court_count":"7"},{"country_id":"US","country_name":"United States","country_slug":"us","state_name":"California","state_slug":"california","city":"Garden Valley","city_slug":"garden-valley","location_count":"1","court_count":"2"},{"country_id":"US","country_name":"United States","country_slug":"us","state_name":"California","state_slug":"california","city":"Gold River","city_slug":"gold-river","location_count":"1","court_count":"25"},{"country_id":"US","country_name":"United States","country_slug":"us","state_name":"California","state_slug":"california","city":"Graeagle","city_slug":"graeagle","location_count":"1","court_count":"4"},{"country_id":"US","country_name":"United States","country_slug":"us","state_name":"California","state_slug":"california","city":"Grand Terrace","city_slug":"grand-terrace","location_count":"1","court_count":"6"},{"country_id":"US","country_name":"United States","country_slug":"us","state_name":"California","state_slug":"california","city":"Groveland","city_slug":"groveland","location_count":"1","court_count":"6"},{"country_id":"US","country_name":"United States","country_slug":"us","state_name":"California","state_slug":"california","city":"Grover Beach","city_slug":"grover-beach","location_count":"1","court_count":"4"},{"country_id":"US","country_name":"United States","country_slug":"us","state_name":"California","state_slug":"california","city":"Guerneville","city_slug":"guerneville","location_count":"1","court_count":"2"},{"country_id":"US","country_name":"United States","country_slug":"us","state_name":"California","state_slug":"california","city":"Half Moon Bay","city_slug":"half-moon-bay","location_count":"1","court_count":"2"},{"country_id":"US","country_name":"United States","country_slug":"us","state_name":"California","state_slug":"california","city":"Hawthorne","city_slug":"hawthorne","location_count":"1","court_count":"4"},{"country_id":"US","country_name":"United States","country_slug":"us","state_name":"California","state_slug":"california","city":"Helendale","city_slug":"helendale","location_count":"1","court_count":"3"},{"country_id":"US","country_name":"United States","country_slug":"us","state_name":"California","state_slug":"california","city":"Hidden Valley Lake","city_slug":"hidden-valley-lake","location_count":"1","court_count":"2"},{"country_id":"US","country_name":"United States","country_slug":"us","state_name":"California","state_slug":"california","city":"Highland","city_slug":"highland","location_count":"1","court_count":"2"},{"country_id":"US","country_name":"United States","country_slug":"us","state_name":"California","state_slug":"california","city":"Holtville","city_slug":"holtville","location_count":"1","court_count":"2"},{"country_id":"US","country_name":"United States","country_slug":"us","state_name":"California","state_slug":"california","city":"Homeland","city_slug":"homeland","location_count":"1","court_count":"2"},{"country_id":"US","country_name":"United States","country_slug":"us","state_name":"California","state_slug":"california","city":"Huntington Park","city_slug":"huntington-park","location_count":"1","court_count":"2"},{"country_id":"US","country_name":"United States","country_slug":"us","state_name":"California","state_slug":"california","city":"Idyllwild-Pine Cove","city_slug":"idyllwild-pine-cove","location_count":"1","court_count":"2"},{"country_id":"US","country_name":"United States","country_slug":"us","state_name":"California","state_slug":"california","city":"Imperial Beach","city_slug":"imperial-beach","location_count":"1","court_count":"2"},{"country_id":"US","country_name":"United States","country_slug":"us","state_name":"California","state_slug":"california","city":"Indian Wells","city_slug":"indian-wells","location_count":"1","court_count":"4"},{"country_id":"US","country_name":"United States","country_slug":"us","state_name":"California","state_slug":"california","city":"Inglewood","city_slug":"inglewood","location_count":"1","court_count":"8"},{"country_id":"US","country_name":"United States","country_slug":"us","state_name":"California","state_slug":"california","city":"Jackson","city_slug":"jackson","location_count":"1","court_count":"4"},{"country_id":"US","country_name":"United States","country_slug":"us","state_name":"California","state_slug":"california","city":"Jamul","city_slug":"jamul","location_count":"1","court_count":"2"},{"country_id":"US","country_name":"United States","country_slug":"us","state_name":"California","state_slug":"california","city":"Kelsey","city_slug":"kelsey","location_count":"1","court_count":"3"},{"country_id":"US","country_name":"United States","country_slug":"us","state_name":"California","state_slug":"california","city":"Kelseyville","city_slug":"kelseyville","location_count":"1","court_count":"6"},{"country_id":"US","country_name":"United States","country_slug":"us","state_name":"California","state_slug":"california","city":"Kentfield","city_slug":"kentfield","location_count":"1","court_count":"6"},{"country_id":"US","country_name":"United States","country_slug":"us","state_name":"California","state_slug":"california","city":"Kernville","city_slug":"kernville","location_count":"1","court_count":"2"},{"country_id":"US","country_name":"United States","country_slug":"us","state_name":"California","state_slug":"california","city":"Lafayette","city_slug":"lafayette","location_count":"1","court_count":"6"},{"country_id":"US","country_name":"United States","country_slug":"us","state_name":"California","state_slug":"california","city":"Laguna Woods","city_slug":"laguna-woods","location_count":"1","court_count":"10"},{"country_id":"US","country_name":"United States","country_slug":"us","state_name":"California","state_slug":"california","city":"La Habra","city_slug":"la-habra","location_count":"1","court_count":"20"},{"country_id":"US","country_name":"United States","country_slug":"us","state_name":"California","state_slug":"california","city":"Lakeside Park","city_slug":"lakeside-park","location_count":"1","court_count":"7"},{"country_id":"US","country_name":"United States","country_slug":"us","state_name":"California","state_slug":"california","city":"Lakewood","city_slug":"lakewood","location_count":"1","court_count":"8"},{"country_id":"US","country_name":"United States","country_slug":"us","state_name":"California","state_slug":"california","city":"La Palma","city_slug":"la-palma","location_count":"1","court_count":"4"},{"country_id":"US","country_name":"United States","country_slug":"us","state_name":"California","state_slug":"california","city":"Larkspur","city_slug":"larkspur","location_count":"1","court_count":"4"},{"country_id":"US","country_name":"United States","country_slug":"us","state_name":"California","state_slug":"california","city":"Lathrop","city_slug":"lathrop","location_count":"1","court_count":"2"},{"country_id":"US","country_name":"United States","country_slug":"us","state_name":"California","state_slug":"california","city":"La Verne","city_slug":"la-verne","location_count":"1","court_count":"4"},{"country_id":"US","country_name":"United States","country_slug":"us","state_name":"California","state_slug":"california","city":"Lemon Grove","city_slug":"lemon-grove","location_count":"1","court_count":"4"},{"country_id":"US","country_name":"United States","country_slug":"us","state_name":"California","state_slug":"california","city":"Lewiston","city_slug":"lewiston","location_count":"1","court_count":"2"},{"country_id":"US","country_name":"United States","country_slug":"us","state_name":"California","state_slug":"california","city":"Loleta","city_slug":"loleta","location_count":"1","court_count":"4"},{"country_id":"US","country_name":"United States","country_slug":"us","state_name":"California","state_slug":"california","city":"Marina","city_slug":"marina","location_count":"1","court_count":"2"},{"country_id":"US","country_name":"United States","country_slug":"us","state_name":"California","state_slug":"california","city":"Mariposa","city_slug":"mariposa","location_count":"1","court_count":"4"},{"country_id":"US","country_name":"United States","country_slug":"us","state_name":"California","state_slug":"california","city":"Mather","city_slug":"mather","location_count":"1","court_count":"1"},{"country_id":"US","country_name":"United States","country_slug":"us","state_name":"California","state_slug":"california","city":"McKinleyville","city_slug":"mckinleyville","location_count":"1","court_count":"3"},{"country_id":"US","country_name":"United States","country_slug":"us","state_name":"California","state_slug":"california","city":"Meadow Vista","city_slug":"meadow-vista","location_count":"1","court_count":"4"},{"country_id":"US","country_name":"United States","country_slug":"us","state_name":"California","state_slug":"california","city":"Millbrae","city_slug":"millbrae","location_count":"1","court_count":"4"},{"country_id":"US","country_name":"United States","country_slug":"us","state_name":"California","state_slug":"california","city":"Monrovia","city_slug":"monrovia","location_count":"1","court_count":"4"},{"country_id":"US","country_name":"United States","country_slug":"us","state_name":"California","state_slug":"california","city":"Montague","city_slug":"montague","location_count":"1","court_count":"3"},{"country_id":"US","country_name":"United States","country_slug":"us","state_name":"California","state_slug":"california","city":"Montebello","city_slug":"montebello","location_count":"1","court_count":"4"},{"country_id":"US","country_name":"United States","country_slug":"us","state_name":"California","state_slug":"california","city":"Monte Rio","city_slug":"monte-rio","location_count":"1","court_count":"2"},{"country_id":"US","country_name":"United States","country_slug":"us","state_name":"California","state_slug":"california","city":"Moreno Valley","city_slug":"moreno-valley","location_count":"1","court_count":"12"},{"country_id":"US","country_name":"United States","country_slug":"us","state_name":"California","state_slug":"california","city":"Morro Bay","city_slug":"morro-bay","location_count":"1","court_count":"4"},{"country_id":"US","country_name":"United States","country_slug":"us","state_name":"California","state_slug":"california","city":"Moss Beach","city_slug":"moss-beach","location_count":"1","court_count":"1"},{"country_id":"US","country_name":"United States","country_slug":"us","state_name":"California","state_slug":"california","city":"Mount Shasta","city_slug":"mount-shasta","location_count":"1","court_count":"8"},{"country_id":"US","country_name":"United States","country_slug":"us","state_name":"California","state_slug":"california","city":"Nevada City","city_slug":"nevada-city","location_count":"1","court_count":"2"},{"country_id":"US","country_name":"United States","country_slug":"us","state_name":"California","state_slug":"california","city":"Nevin","city_slug":"nevin","location_count":"1","court_count":"3"},{"country_id":"US","country_name":"United States","country_slug":"us","state_name":"California","state_slug":"california","city":"Niland","city_slug":"niland","location_count":"1","court_count":"8"},{"country_id":"US","country_name":"United States","country_slug":"us","state_name":"California","state_slug":"california","city":"Nipomo","city_slug":"nipomo","location_count":"1","court_count":"6"},{"country_id":"US","country_name":"United States","country_slug":"us","state_name":"California","state_slug":"california","city":"Norco","city_slug":"norco","location_count":"1","court_count":"4"},{"country_id":"US","country_name":"United States","country_slug":"us","state_name":"California","state_slug":"california","city":"Norwalk","city_slug":"norwalk","location_count":"1","court_count":"3"},{"country_id":"US","country_name":"United States","country_slug":"us","state_name":"California","state_slug":"california","city":"Noyo","city_slug":"noyo","location_count":"1","court_count":"1"},{"country_id":"US","country_name":"United States","country_slug":"us","state_name":"California","state_slug":"california","city":"Nuevo","city_slug":"nuevo","location_count":"1","court_count":"14"},{"country_id":"US","country_name":"United States","country_slug":"us","state_name":"California","state_slug":"california","city":"Oakley","city_slug":"oakley","location_count":"1","court_count":"5"},{"country_id":"US","country_name":"United States","country_slug":"us","state_name":"California","state_slug":"california","city":"Oak Park","city_slug":"oak-park","location_count":"1","court_count":"4"},{"country_id":"US","country_name":"United States","country_slug":"us","state_name":"California","state_slug":"california","city":"Pacific Grove","city_slug":"pacific-grove","location_count":"1","court_count":"4"},{"country_id":"US","country_name":"United States","country_slug":"us","state_name":"California","state_slug":"california","city":"Palmdale","city_slug":"palmdale","location_count":"1","court_count":"8"},{"country_id":"US","country_name":"United States","country_slug":"us","state_name":"California","state_slug":"california","city":"Palo Alto","city_slug":"palo-alto","location_count":"1","court_count":"15"},{"country_id":"US","country_name":"United States","country_slug":"us","state_name":"California","state_slug":"california","city":"Parker Dam","city_slug":"parker-dam","location_count":"1","court_count":"2"},{"country_id":"US","country_name":"United States","country_slug":"us","state_name":"California","state_slug":"california","city":"Parklabrea","city_slug":"parklabrea","location_count":"1","court_count":"3"},{"country_id":"US","country_name":"United States","country_slug":"us","state_name":"California","state_slug":"california","city":"Pittsburg","city_slug":"pittsburg","location_count":"1","court_count":"3"},{"country_id":"US","country_name":"United States","country_slug":"us","state_name":"California","state_slug":"california","city":"Placentia","city_slug":"placentia","location_count":"1","court_count":"4"},{"country_id":"US","country_name":"United States","country_slug":"us","state_name":"California","state_slug":"california","city":"Placerville","city_slug":"placerville","location_count":"1","court_count":"4"},{"country_id":"US","country_name":"United States","country_slug":"us","state_name":"California","state_slug":"california","city":"Pleasant Hill","city_slug":"pleasant-hill","location_count":"1","court_count":"4"},{"country_id":"US","country_name":"United States","country_slug":"us","state_name":"California","state_slug":"california","city":"Pollock Pines","city_slug":"pollock-pines","location_count":"1","court_count":"1"},{"country_id":"US","country_name":"United States","country_slug":"us","state_name":"California","state_slug":"california","city":"Pomona","city_slug":"pomona","location_count":"1","court_count":"16"},{"country_id":"US","country_name":"United States","country_slug":"us","state_name":"California","state_slug":"california","city":"Porterville","city_slug":"porterville","location_count":"1","court_count":"4"},{"country_id":"US","country_name":"United States","country_slug":"us","state_name":"California","state_slug":"california","city":"Port Hueneme","city_slug":"port-hueneme","location_count":"1","court_count":"10"},{"country_id":"US","country_name":"United States","country_slug":"us","state_name":"California","state_slug":"california","city":"Rampart","city_slug":"rampart","location_count":"1","court_count":"3"},{"country_id":"US","country_name":"United States","country_slug":"us","state_name":"California","state_slug":"california","city":"Rancho Murieta","city_slug":"rancho-murieta","location_count":"1","court_count":"2"},{"country_id":"US","country_name":"United States","country_slug":"us","state_name":"California","state_slug":"california","city":"Reedley","city_slug":"reedley","location_count":"1","court_count":"8"},{"country_id":"US","country_name":"United States","country_slug":"us","state_name":"California","state_slug":"california","city":"Rio Linda","city_slug":"rio-linda","location_count":"1","court_count":"4"},{"country_id":"US","country_name":"United States","country_slug":"us","state_name":"California","state_slug":"california","city":"Rio Vista","city_slug":"rio-vista","location_count":"1","court_count":"4"},{"country_id":"US","country_name":"United States","country_slug":"us","state_name":"California","state_slug":"california","city":"Ripon","city_slug":"ripon","location_count":"1","court_count":"4"},{"country_id":"US","country_name":"United States","country_slug":"us","state_name":"California","state_slug":"california","city":"Rolling Hills","city_slug":"rolling-hills","location_count":"1","court_count":"1"},{"country_id":"US","country_name":"United States","country_slug":"us","state_name":"California","state_slug":"california","city":"Ross","city_slug":"ross","location_count":"1","court_count":"4"},{"country_id":"US","country_name":"United States","country_slug":"us","state_name":"California","state_slug":"california","city":"San Andreas","city_slug":"san-andreas","location_count":"1","court_count":"1"},{"country_id":"US","country_name":"United States","country_slug":"us","state_name":"California","state_slug":"california","city":"San Bernardino","city_slug":"san-bernardino","location_count":"1","court_count":"8"},{"country_id":"US","country_name":"United States","country_slug":"us","state_name":"California","state_slug":"california","city":"San Bruno","city_slug":"san-bruno","location_count":"1","court_count":"4"},{"country_id":"US","country_name":"United States","country_slug":"us","state_name":"California","state_slug":"california","city":"San Dimas","city_slug":"san-dimas","location_count":"1","court_count":"6"},{"country_id":"US","country_name":"United States","country_slug":"us","state_name":"California","state_slug":"california","city":"San Gabriel","city_slug":"san-gabriel","location_count":"1","court_count":"8"},{"country_id":"US","country_name":"United States","country_slug":"us","state_name":"California","state_slug":"california","city":"San Juan Bautista","city_slug":"san-juan-bautista","location_count":"1","court_count":"6"},{"country_id":"US","country_name":"United States","country_slug":"us","state_name":"California","state_slug":"california","city":"San Martin","city_slug":"san-martin","location_count":"1","court_count":"2"},{"country_id":"US","country_name":"United States","country_slug":"us","state_name":"California","state_slug":"california","city":"Santee","city_slug":"santee","location_count":"1","court_count":"8"},{"country_id":"US","country_name":"United States","country_slug":"us","state_name":"California","state_slug":"california","city":"Scotts Valley","city_slug":"scotts-valley","location_count":"1","court_count":"8"},{"country_id":"US","country_name":"United States","country_slug":"us","state_name":"California","state_slug":"california","city":"Selma","city_slug":"selma","location_count":"1","court_count":"6"},{"country_id":"US","country_name":"United States","country_slug":"us","state_name":"California","state_slug":"california","city":"Shasta Lake","city_slug":"shasta-lake","location_count":"1","court_count":"4"},{"country_id":"US","country_name":"United States","country_slug":"us","state_name":"California","state_slug":"california","city":"Shingle Springs","city_slug":"shingle-springs","location_count":"1","court_count":"6"},{"country_id":"US","country_name":"United States","country_slug":"us","state_name":"California","state_slug":"california","city":"Sierra Madre","city_slug":"sierra-madre","location_count":"1","court_count":"2"},{"country_id":"US","country_name":"United States","country_slug":"us","state_name":"California","state_slug":"california","city":"Signal Hill","city_slug":"signal-hill","location_count":"1","court_count":"1"},{"country_id":"US","country_name":"United States","country_slug":"us","state_name":"California","state_slug":"california","city":"Soda Springs","city_slug":"soda-springs","location_count":"1","court_count":"0"},{"country_id":"US","country_name":"United States","country_slug":"us","state_name":"California","state_slug":"california","city":"Solana Beach","city_slug":"solana-beach","location_count":"1","court_count":"3"},{"country_id":"US","country_name":"United States","country_slug":"us","state_name":"California","state_slug":"california","city":"Solvang","city_slug":"solvang","location_count":"1","court_count":"4"},{"country_id":"US","country_name":"United States","country_slug":"us","state_name":"California","state_slug":"california","city":"Somerset","city_slug":"somerset","location_count":"1","court_count":"2"},{"country_id":"US","country_name":"United States","country_slug":"us","state_name":"California","state_slug":"california","city":"Sonoma","city_slug":"sonoma","location_count":"1","court_count":"1"},{"country_id":"US","country_name":"United States","country_slug":"us","state_name":"California","state_slug":"california","city":"South El Monte","city_slug":"south-el-monte","location_count":"1","court_count":"16"},{"country_id":"US","country_name":"United States","country_slug":"us","state_name":"California","state_slug":"california","city":"St. Helena","city_slug":"st.-helena","location_count":"1","court_count":"4"},{"country_id":"US","country_name":"United States","country_slug":"us","state_name":"California","state_slug":"california","city":"Sylvia Park","city_slug":"sylvia-park","location_count":"1","court_count":"3"},{"country_id":"US","country_name":"United States","country_slug":"us","state_name":"California","state_slug":"california","city":"Tahoe Vista","city_slug":"tahoe-vista","location_count":"1","court_count":"6"},{"country_id":"US","country_name":"United States","country_slug":"us","state_name":"California","state_slug":"california","city":"Tecate","city_slug":"tecate","location_count":"1","court_count":"3"},{"country_id":"US","country_name":"United States","country_slug":"us","state_name":"California","state_slug":"california","city":"Temple City","city_slug":"temple-city","location_count":"1","court_count":"4"},{"country_id":"US","country_name":"United States","country_slug":"us","state_name":"California","state_slug":"california","city":"Thousand Palms","city_slug":"thousand-palms","location_count":"1","court_count":"8"},{"country_id":"US","country_name":"United States","country_slug":"us","state_name":"California","state_slug":"california","city":"Topanga","city_slug":"topanga","location_count":"1","court_count":"2"},{"country_id":"US","country_name":"United States","country_slug":"us","state_name":"California","state_slug":"california","city":"Topanga Beach","city_slug":"topanga-beach","location_count":"1","court_count":"6"},{"country_id":"US","country_name":"United States","country_slug":"us","state_name":"California","state_slug":"california","city":"Tulare","city_slug":"tulare","location_count":"1","court_count":"2"},{"country_id":"US","country_name":"United States","country_slug":"us","state_name":"California","state_slug":"california","city":"Twain Harte","city_slug":"twain-harte","location_count":"1","court_count":"2"},{"country_id":"US","country_name":"United States","country_slug":"us","state_name":"California","state_slug":"california","city":"Twentynine Palms","city_slug":"twentynine-palms","location_count":"1","court_count":"2"},{"country_id":"US","country_name":"United States","country_slug":"us","state_name":"California","state_slug":"california","city":"Upland","city_slug":"upland","location_count":"1","court_count":"4"},{"country_id":"US","country_name":"United States","country_slug":"us","state_name":"California","state_slug":"california","city":"Watsonville","city_slug":"watsonville","location_count":"1","court_count":"4"},{"country_id":"US","country_name":"United States","country_slug":"us","state_name":"California","state_slug":"california","city":"Weaverville","city_slug":"weaverville","location_count":"1","court_count":"6"},{"country_id":"US","country_name":"United States","country_slug":"us","state_name":"California","state_slug":"california","city":"West Covina","city_slug":"west-covina","location_count":"1","court_count":"3"},{"country_id":"US","country_name":"United States","country_slug":"us","state_name":"California","state_slug":"california","city":"West Sacramento","city_slug":"west-sacramento","location_count":"1","court_count":"4"},{"country_id":"US","country_name":"United States","country_slug":"us","state_name":"California","state_slug":"california","city":"Whitethorn","city_slug":"whitethorn","location_count":"1","court_count":"2"},{"country_id":"US","country_name":"United States","country_slug":"us","state_name":"California","state_slug":"california","city":"Whittier","city_slug":"whittier","location_count":"1","court_count":"4"},{"country_id":"US","country_name":"United States","country_slug":"us","state_name":"California","state_slug":"california","city":"Wilton","city_slug":"wilton","location_count":"1","court_count":"6"},{"country_id":"US","country_name":"United States","country_slug":"us","state_name":"California","state_slug":"california","city":"Winchester","city_slug":"winchester","location_count":"1","court_count":"2"},{"country_id":"US","country_name":"United States","country_slug":"us","state_name":"California","state_slug":"california","city":"Windsor","city_slug":"windsor","location_count":"1","court_count":"5"},{"country_id":"US","country_name":"United States","country_slug":"us","state_name":"California","state_slug":"california","city":"Woodside","city_slug":"woodside","location_count":"1","court_count":"3"},{"country_id":"US","country_name":"United States","country_slug":"us","state_name":"California","state_slug":"california","city":"Yreka","city_slug":"yreka","location_count":"1","court_count":"3"}]