[{"country_id":"US","country_name":"United States","country_slug":"us","state_name":"Colorado","state_slug":"colorado","city":"Denver","city_slug":"denver","location_count":"48","court_count":"164"},{"country_id":"US","country_name":"United States","country_slug":"us","state_name":"Colorado","state_slug":"colorado","city":"Colorado Springs","city_slug":"colorado-springs","location_count":"28","court_count":"143"},{"country_id":"US","country_name":"United States","country_slug":"us","state_name":"Colorado","state_slug":"colorado","city":"Aurora","city_slug":"aurora","location_count":"17","court_count":"56"},{"country_id":"US","country_name":"United States","country_slug":"us","state_name":"Colorado","state_slug":"colorado","city":"Littleton","city_slug":"littleton","location_count":"13","court_count":"60"},{"country_id":"US","country_name":"United States","country_slug":"us","state_name":"Colorado","state_slug":"colorado","city":"Fort Collins","city_slug":"fort-collins","location_count":"12","court_count":"51"},{"country_id":"US","country_name":"United States","country_slug":"us","state_name":"Colorado","state_slug":"colorado","city":"Boulder","city_slug":"boulder","location_count":"10","court_count":"37"},{"country_id":"US","country_name":"United States","country_slug":"us","state_name":"Colorado","state_slug":"colorado","city":"Lakewood","city_slug":"lakewood","location_count":"10","court_count":"44"},{"country_id":"US","country_name":"United States","country_slug":"us","state_name":"Colorado","state_slug":"colorado","city":"Longmont","city_slug":"longmont","location_count":"10","court_count":"53"},{"country_id":"US","country_name":"United States","country_slug":"us","state_name":"Colorado","state_slug":"colorado","city":"Pueblo","city_slug":"pueblo","location_count":"8","court_count":"36"},{"country_id":"US","country_name":"United States","country_slug":"us","state_name":"Colorado","state_slug":"colorado","city":"Loveland","city_slug":"loveland","location_count":"7","court_count":"39"},{"country_id":"US","country_name":"United States","country_slug":"us","state_name":"Colorado","state_slug":"colorado","city":"Parker","city_slug":"parker","location_count":"7","court_count":"43"},{"country_id":"US","country_name":"United States","country_slug":"us","state_name":"Colorado","state_slug":"colorado","city":"Westminster","city_slug":"westminster","location_count":"7","court_count":"31"},{"country_id":"US","country_name":"United States","country_slug":"us","state_name":"Colorado","state_slug":"colorado","city":"Arvada","city_slug":"arvada","location_count":"6","court_count":"45"},{"country_id":"US","country_name":"United States","country_slug":"us","state_name":"Colorado","state_slug":"colorado","city":"Durango","city_slug":"durango","location_count":"6","court_count":"21"},{"country_id":"US","country_name":"United States","country_slug":"us","state_name":"Colorado","state_slug":"colorado","city":"Thornton","city_slug":"thornton","location_count":"6","court_count":"31"},{"country_id":"US","country_name":"United States","country_slug":"us","state_name":"Colorado","state_slug":"colorado","city":"Evergreen","city_slug":"evergreen","location_count":"6","court_count":"22"},{"country_id":"US","country_name":"United States","country_slug":"us","state_name":"Colorado","state_slug":"colorado","city":"Centennial","city_slug":"centennial","location_count":"5","court_count":"28"},{"country_id":"US","country_name":"United States","country_slug":"us","state_name":"Colorado","state_slug":"colorado","city":"Aspen","city_slug":"aspen","location_count":"5","court_count":"45"},{"country_id":"US","country_name":"United States","country_slug":"us","state_name":"Colorado","state_slug":"colorado","city":"Crested Butte","city_slug":"crested-butte","location_count":"5","court_count":"15"},{"country_id":"US","country_name":"United States","country_slug":"us","state_name":"Colorado","state_slug":"colorado","city":"Castle Rock","city_slug":"castle-rock","location_count":"4","court_count":"25"},{"country_id":"US","country_name":"United States","country_slug":"us","state_name":"Colorado","state_slug":"colorado","city":"Broomfield","city_slug":"broomfield","location_count":"4","court_count":"23"},{"country_id":"US","country_name":"United States","country_slug":"us","state_name":"Colorado","state_slug":"colorado","city":"Englewood","city_slug":"englewood","location_count":"4","court_count":"11"},{"country_id":"US","country_name":"United States","country_slug":"us","state_name":"Colorado","state_slug":"colorado","city":"Windsor","city_slug":"windsor","location_count":"4","court_count":"32"},{"country_id":"US","country_name":"United States","country_slug":"us","state_name":"Colorado","state_slug":"colorado","city":"Greeley","city_slug":"greeley","location_count":"4","court_count":"19"},{"country_id":"US","country_name":"United States","country_slug":"us","state_name":"Colorado","state_slug":"colorado","city":"Wheat Ridge","city_slug":"wheat-ridge","location_count":"4","court_count":"27"},{"country_id":"US","country_name":"United States","country_slug":"us","state_name":"Colorado","state_slug":"colorado","city":"Lafayette","city_slug":"lafayette","location_count":"4","court_count":"18"},{"country_id":"US","country_name":"United States","country_slug":"us","state_name":"Colorado","state_slug":"colorado","city":"Vail","city_slug":"vail","location_count":"4","court_count":"21"},{"country_id":"US","country_name":"United States","country_slug":"us","state_name":"Colorado","state_slug":"colorado","city":"United States","city_slug":"united-states","location_count":"4","court_count":"29"},{"country_id":"US","country_name":"United States","country_slug":"us","state_name":"Colorado","state_slug":"colorado","city":"Grand Junction","city_slug":"grand-junction","location_count":"4","court_count":"38"},{"country_id":"US","country_name":"United States","country_slug":"us","state_name":"Colorado","state_slug":"colorado","city":"Gunnison","city_slug":"gunnison","location_count":"3","court_count":"14"},{"country_id":"US","country_name":"United States","country_slug":"us","state_name":"Colorado","state_slug":"colorado","city":"Golden","city_slug":"golden","location_count":"3","court_count":"13"},{"country_id":"US","country_name":"United States","country_slug":"us","state_name":"Colorado","state_slug":"colorado","city":"Silverthorne","city_slug":"silverthorne","location_count":"3","court_count":"18"},{"country_id":"US","country_name":"United States","country_slug":"us","state_name":"Colorado","state_slug":"colorado","city":"Highlands Ranch","city_slug":"highlands-ranch","location_count":"3","court_count":"17"},{"country_id":"US","country_name":"United States","country_slug":"us","state_name":"Colorado","state_slug":"colorado","city":"Carbondale","city_slug":"carbondale","location_count":"3","court_count":"12"},{"country_id":"US","country_name":"United States","country_slug":"us","state_name":"Colorado","state_slug":"colorado","city":"Grand Lake","city_slug":"grand-lake","location_count":"3","court_count":"8"},{"country_id":"US","country_name":"United States","country_slug":"us","state_name":"Colorado","state_slug":"colorado","city":"New Castle","city_slug":"new-castle","location_count":"3","court_count":"6"},{"country_id":"US","country_name":"United States","country_slug":"us","state_name":"Colorado","state_slug":"colorado","city":"Palmer Lake","city_slug":"palmer-lake","location_count":"2","court_count":"10"},{"country_id":"US","country_name":"United States","country_slug":"us","state_name":"Colorado","state_slug":"colorado","city":"Avon","city_slug":"avon","location_count":"2","court_count":"10"},{"country_id":"US","country_name":"United States","country_slug":"us","state_name":"Colorado","state_slug":"colorado","city":"Breckenridge","city_slug":"breckenridge","location_count":"2","court_count":"15"},{"country_id":"US","country_name":"United States","country_slug":"us","state_name":"Colorado","state_slug":"colorado","city":"Gleneagle","city_slug":"gleneagle","location_count":"2","court_count":"16"},{"country_id":"US","country_name":"United States","country_slug":"us","state_name":"Colorado","state_slug":"colorado","city":"Firestone","city_slug":"firestone","location_count":"2","court_count":"5"},{"country_id":"US","country_name":"United States","country_slug":"us","state_name":"Colorado","state_slug":"colorado","city":"Air Force Academy","city_slug":"air-force-academy","location_count":"2","court_count":"16"},{"country_id":"US","country_name":"United States","country_slug":"us","state_name":"Colorado","state_slug":"colorado","city":"Northglenn","city_slug":"northglenn","location_count":"2","court_count":"11"},{"country_id":"US","country_name":"United States","country_slug":"us","state_name":"Colorado","state_slug":"colorado","city":"Trinidad","city_slug":"trinidad","location_count":"2","court_count":"4"},{"country_id":"US","country_name":"United States","country_slug":"us","state_name":"Colorado","state_slug":"colorado","city":"Salida","city_slug":"salida","location_count":"2","court_count":"9"},{"country_id":"US","country_name":"United States","country_slug":"us","state_name":"Colorado","state_slug":"colorado","city":"Gypsum","city_slug":"gypsum","location_count":"2","court_count":"11"},{"country_id":"US","country_name":"United States","country_slug":"us","state_name":"Colorado","state_slug":"colorado","city":"Monument","city_slug":"monument","location_count":"2","court_count":"5"},{"country_id":"US","country_name":"United States","country_slug":"us","state_name":"Colorado","state_slug":"colorado","city":"Superior","city_slug":"superior","location_count":"2","court_count":"9"},{"country_id":"US","country_name":"United States","country_slug":"us","state_name":"Colorado","state_slug":"colorado","city":"Frederick","city_slug":"frederick","location_count":"2","court_count":"4"},{"country_id":"US","country_name":"United States","country_slug":"us","state_name":"Colorado","state_slug":"colorado","city":"Montrose","city_slug":"montrose","location_count":"2","court_count":"17"},{"country_id":"US","country_name":"United States","country_slug":"us","state_name":"Colorado","state_slug":"colorado","city":"Steamboat Springs","city_slug":"steamboat-springs","location_count":"2","court_count":"24"},{"country_id":"US","country_name":"United States","country_slug":"us","state_name":"Colorado","state_slug":"colorado","city":"Ordway","city_slug":"ordway","location_count":"2","court_count":"5"},{"country_id":"US","country_name":"United States","country_slug":"us","state_name":"Colorado","state_slug":"colorado","city":"Crawford","city_slug":"crawford","location_count":"2","court_count":"2"},{"country_id":"US","country_name":"United States","country_slug":"us","state_name":"Colorado","state_slug":"colorado","city":"Craig","city_slug":"craig","location_count":"2","court_count":"7"},{"country_id":"US","country_name":"United States","country_slug":"us","state_name":"Colorado","state_slug":"colorado","city":"Brighton","city_slug":"brighton","location_count":"2","court_count":"5"},{"country_id":"US","country_name":"United States","country_slug":"us","state_name":"Colorado","state_slug":"colorado","city":"Erie","city_slug":"erie","location_count":"2","court_count":"7"},{"country_id":"US","country_name":"United States","country_slug":"us","state_name":"Colorado","state_slug":"colorado","city":"Alamosa","city_slug":"alamosa","location_count":"2","court_count":"6"},{"country_id":"US","country_name":"United States","country_slug":"us","state_name":"Colorado","state_slug":"colorado","city":"Fort Morgan","city_slug":"fort-morgan","location_count":"2","court_count":"4"},{"country_id":"US","country_name":"United States","country_slug":"us","state_name":"Colorado","state_slug":"colorado","city":"Buena Vista","city_slug":"buena-vista","location_count":"2","court_count":"9"},{"country_id":"US","country_name":"United States","country_slug":"us","state_name":"Colorado","state_slug":"colorado","city":"Pagosa Springs","city_slug":"pagosa-springs","location_count":"2","court_count":"11"},{"country_id":"US","country_name":"United States","country_slug":"us","state_name":"Colorado","state_slug":"colorado","city":"Sable","city_slug":"sable","location_count":"2","court_count":"6"},{"country_id":"US","country_name":"United States","country_slug":"us","state_name":"Colorado","state_slug":"colorado","city":"Poncha Springs","city_slug":"poncha-springs","location_count":"2","court_count":"3"},{"country_id":"US","country_name":"United States","country_slug":"us","state_name":"Colorado","state_slug":"colorado","city":"Cortez","city_slug":"cortez","location_count":"2","court_count":"8"},{"country_id":"US","country_name":"United States","country_slug":"us","state_name":"Colorado","state_slug":"colorado","city":"Berthoud","city_slug":"berthoud","location_count":"2","court_count":"8"},{"country_id":"US","country_name":"United States","country_slug":"us","state_name":"Colorado","state_slug":"colorado","city":"Lone Tree","city_slug":"lone-tree","location_count":"1","court_count":"6"},{"country_id":"US","country_name":"United States","country_slug":"us","state_name":"Colorado","state_slug":"colorado","city":"Federal Heights","city_slug":"federal-heights","location_count":"1","court_count":"0"},{"country_id":"US","country_name":"United States","country_slug":"us","state_name":"Colorado","state_slug":"colorado","city":"Manassa","city_slug":"manassa","location_count":"1","court_count":"0"},{"country_id":"US","country_name":"United States","country_slug":"us","state_name":"Colorado","state_slug":"colorado","city":"Monte Vista","city_slug":"monte-vista","location_count":"1","court_count":"2"},{"country_id":"US","country_name":"United States","country_slug":"us","state_name":"Colorado","state_slug":"colorado","city":"Pine Valley","city_slug":"pine-valley","location_count":"1","court_count":"5"},{"country_id":"US","country_name":"United States","country_slug":"us","state_name":"Colorado","state_slug":"colorado","city":"La Veta","city_slug":"la-veta","location_count":"1","court_count":"2"},{"country_id":"US","country_name":"United States","country_slug":"us","state_name":"Colorado","state_slug":"colorado","city":"Louisville","city_slug":"louisville","location_count":"1","court_count":"3"},{"country_id":"US","country_name":"United States","country_slug":"us","state_name":"Colorado","state_slug":"colorado","city":"Commerce City","city_slug":"commerce-city","location_count":"1","court_count":"3"},{"country_id":"US","country_name":"United States","country_slug":"us","state_name":"Colorado","state_slug":"colorado","city":"Johnstown","city_slug":"johnstown","location_count":"1","court_count":"4"},{"country_id":"US","country_name":"United States","country_slug":"us","state_name":"Colorado","state_slug":"colorado","city":"Creede","city_slug":"creede","location_count":"1","court_count":"2"},{"country_id":"US","country_name":"United States","country_slug":"us","state_name":"Colorado","state_slug":"colorado","city":"Norwood","city_slug":"norwood","location_count":"1","court_count":"4"},{"country_id":"US","country_name":"United States","country_slug":"us","state_name":"Colorado","state_slug":"colorado","city":"Milliken","city_slug":"milliken","location_count":"1","court_count":"4"},{"country_id":"US","country_name":"United States","country_slug":"us","state_name":"Colorado","state_slug":"colorado","city":"Beaver Creek","city_slug":"beaver-creek","location_count":"1","court_count":"6"},{"country_id":"US","country_name":"United States","country_slug":"us","state_name":"Colorado","state_slug":"colorado","city":"Dillon","city_slug":"dillon","location_count":"1","court_count":"8"},{"country_id":"US","country_name":"United States","country_slug":"us","state_name":"Colorado","state_slug":"colorado","city":"Eagle","city_slug":"eagle","location_count":"1","court_count":"2"},{"country_id":"US","country_name":"United States","country_slug":"us","state_name":"Colorado","state_slug":"colorado","city":"Cedaredge","city_slug":"cedaredge","location_count":"1","court_count":"4"},{"country_id":"US","country_name":"United States","country_slug":"us","state_name":"Colorado","state_slug":"colorado","city":"Cañon City","city_slug":"canon-city","location_count":"1","court_count":"6"},{"country_id":"US","country_name":"United States","country_slug":"us","state_name":"Colorado","state_slug":"colorado","city":"Basalt","city_slug":"basalt","location_count":"1","court_count":"4"},{"country_id":"US","country_name":"United States","country_slug":"us","state_name":"Colorado","state_slug":"colorado","city":"Frisco","city_slug":"frisco","location_count":"1","court_count":"4"},{"country_id":"US","country_name":"United States","country_slug":"us","state_name":"Colorado","state_slug":"colorado","city":"Palisade","city_slug":"palisade","location_count":"1","court_count":"6"},{"country_id":"US","country_name":"United States","country_slug":"us","state_name":"Colorado","state_slug":"colorado","city":"Eaton","city_slug":"eaton","location_count":"1","court_count":"3"},{"country_id":"US","country_name":"United States","country_slug":"us","state_name":"Colorado","state_slug":"colorado","city":"Shirley","city_slug":"shirley","location_count":"1","court_count":"6"},{"country_id":"US","country_name":"United States","country_slug":"us","state_name":"Colorado","state_slug":"colorado","city":"Ridgway","city_slug":"ridgway","location_count":"1","court_count":"7"},{"country_id":"US","country_name":"United States","country_slug":"us","state_name":"Colorado","state_slug":"colorado","city":"South Fork","city_slug":"south-fork","location_count":"1","court_count":"3"},{"country_id":"US","country_name":"United States","country_slug":"us","state_name":"Colorado","state_slug":"colorado","city":"Holly","city_slug":"holly","location_count":"1","court_count":"3"},{"country_id":"US","country_name":"United States","country_slug":"us","state_name":"Colorado","state_slug":"colorado","city":"Estes Park","city_slug":"estes-park","location_count":"1","court_count":"4"},{"country_id":"US","country_name":"United States","country_slug":"us","state_name":"Colorado","state_slug":"colorado","city":"Fort Lupton","city_slug":"fort-lupton","location_count":"1","court_count":"2"},{"country_id":"US","country_name":"United States","country_slug":"us","state_name":"Colorado","state_slug":"colorado","city":"Granby","city_slug":"granby","location_count":"1","court_count":"2"},{"country_id":"US","country_name":"United States","country_slug":"us","state_name":"Colorado","state_slug":"colorado","city":"Crestone","city_slug":"crestone","location_count":"1","court_count":"4"},{"country_id":"US","country_name":"United States","country_slug":"us","state_name":"Colorado","state_slug":"colorado","city":"Fruita","city_slug":"fruita","location_count":"1","court_count":"3"},{"country_id":"US","country_name":"United States","country_slug":"us","state_name":"Colorado","state_slug":"colorado","city":"Snowmass Village","city_slug":"snowmass-village","location_count":"1","court_count":"10"},{"country_id":"US","country_name":"United States","country_slug":"us","state_name":"Colorado","state_slug":"colorado","city":"Woodland Park","city_slug":"woodland-park","location_count":"1","court_count":"2"},{"country_id":"US","country_name":"United States","country_slug":"us","state_name":"Colorado","state_slug":"colorado","city":"Paonia","city_slug":"paonia","location_count":"1","court_count":"8"},{"country_id":"US","country_name":"United States","country_slug":"us","state_name":"Colorado","state_slug":"colorado","city":"Fraser","city_slug":"fraser","location_count":"1","court_count":"6"},{"country_id":"US","country_name":"United States","country_slug":"us","state_name":"Colorado","state_slug":"colorado","city":"Castle Pines","city_slug":"castle-pines","location_count":"1","court_count":"5"},{"country_id":"US","country_name":"United States","country_slug":"us","state_name":"Colorado","state_slug":"colorado","city":"Glenwood Springs","city_slug":"glenwood-springs","location_count":"1","court_count":"7"},{"country_id":"US","country_name":"United States","country_slug":"us","state_name":"Colorado","state_slug":"colorado","city":"Pitkin","city_slug":"pitkin","location_count":"1","court_count":"1"},{"country_id":"US","country_name":"United States","country_slug":"us","state_name":"Colorado","state_slug":"colorado","city":"Lake George","city_slug":"lake-george","location_count":"1","court_count":"2"},{"country_id":"US","country_name":"United States","country_slug":"us","state_name":"Colorado","state_slug":"colorado","city":"Lake City","city_slug":"lake-city","location_count":"1","court_count":"3"},{"country_id":"US","country_name":"United States","country_slug":"us","state_name":"Colorado","state_slug":"colorado","city":"Nederland","city_slug":"nederland","location_count":"1","court_count":"2"},{"country_id":"US","country_name":"United States","country_slug":"us","state_name":"Colorado","state_slug":"colorado","city":"Meeker","city_slug":"meeker","location_count":"1","court_count":"1"},{"country_id":"US","country_name":"United States","country_slug":"us","state_name":"Colorado","state_slug":"colorado","city":"Nathrop","city_slug":"nathrop","location_count":"1","court_count":"4"},{"country_id":"US","country_name":"United States","country_slug":"us","state_name":"Colorado","state_slug":"colorado","city":"Burlington","city_slug":"burlington","location_count":"1","court_count":"4"},{"country_id":"US","country_name":"United States","country_slug":"us","state_name":"Colorado","state_slug":"colorado","city":"Manitou Springs","city_slug":"manitou-springs","location_count":"1","court_count":"2"},{"country_id":"US","country_name":"United States","country_slug":"us","state_name":"Colorado","state_slug":"colorado","city":"Del Norte","city_slug":"del-norte","location_count":"1","court_count":"4"},{"country_id":"US","country_name":"United States","country_slug":"us","state_name":"Colorado","state_slug":"colorado","city":"Idaho Springs","city_slug":"idaho-springs","location_count":"1","court_count":"1"},{"country_id":"US","country_name":"United States","country_slug":"us","state_name":"Colorado","state_slug":"colorado","city":"Appleton","city_slug":"appleton","location_count":"1","court_count":"2"},{"country_id":"US","country_name":"United States","country_slug":"us","state_name":"Colorado","state_slug":"colorado","city":"Evans","city_slug":"evans","location_count":"1","court_count":"1"},{"country_id":"US","country_name":"United States","country_slug":"us","state_name":"Colorado","state_slug":"colorado","city":"El Jebel","city_slug":"el-jebel","location_count":"1","court_count":"4"},{"country_id":"US","country_name":"United States","country_slug":"us","state_name":"Colorado","state_slug":"colorado","city":"Greenwood Village","city_slug":"greenwood-village","location_count":"1","court_count":"2"},{"country_id":"US","country_name":"United States","country_slug":"us","state_name":"Colorado","state_slug":"colorado","city":"Parachute","city_slug":"parachute","location_count":"1","court_count":"6"},{"country_id":"US","country_name":"United States","country_slug":"us","state_name":"Colorado","state_slug":"colorado","city":"Wellington","city_slug":"wellington","location_count":"1","court_count":"5"},{"country_id":"US","country_name":"United States","country_slug":"us","state_name":"Colorado","state_slug":"colorado","city":"Peyton","city_slug":"peyton","location_count":"1","court_count":"4"},{"country_id":"US","country_name":"United States","country_slug":"us","state_name":"Colorado","state_slug":"colorado","city":"Delta","city_slug":"delta","location_count":"1","court_count":"3"}]